0.960518,0.992709,0.999189,0.979791,0.935016,0.866025,0.774605,0.663123,0.534466,0.391967
0.954714,0.98939,0.99844,0.981632,0.939399,0.872837,0.783669,0.674204,0.547278,0.406177
0.948678,0.985822,0.997434,0.983213,0.943528,0.879405,0.792506,0.685082,0.559915,0.420246
0.94241,0.982008,0.996172,0.984536,0.947401,0.885728,0.801116,0.695756,0.572375,0.43417
0.935915,0.977949,0.994655,0.9856,0.951019,0.891806,0.809497,0.706221,0.584655,0.447947
0.929193,0.973647,0.992884,0.986406,0.954381,0.897637,0.817646,0.716477,0.596753,0.461573
0.922247,0.969103,0.99086,0.986954,0.957487,0.903221,0.825562,0.726522,0.608665,0.475044
0.91508,0.96432,0.988584,0.987245,0.960337,0.908556,0.833245,0.736353,0.620389,0.488358
0.907693,0.959298,0.986058,0.987279,0.962931,0.913643,0.840692,0.745967,0.631923,0.501512
0.90009,0.954041,0.983282,0.987058,0.965268,0.918479,0.847902,0.755365,0.643264,0.514502
0.892273,0.948549,0.980259,0.98658,0.96735,0.923065,0.854874,0.764542,0.654409,0.527327
0.884244,0.942826,0.976989,0.985849,0.969175,0.927401,0.861607,0.773498,0.665356,0.539981
0.876007,0.936872,0.973474,0.984863,0.970745,0.931484,0.868099,0.782231,0.676103,0.552464
0.867563,0.930691,0.969715,0.983625,0.972058,0.935316,0.87435,0.790739,0.686647,0.564772
0.858915,0.924284,0.965715,0.982134,0.973117,0.938896,0.880358,0.79902,0.696987,0.576903
0.850068,0.917654,0.961474,0.980393,0.97392,0.942223,0.886123,0.807073,0.70712,0.588853
0.841022,0.910803,0.956995,0.978402,0.974469,0.945298,0.891644,0.814896,0.717044,0.60062
0.831782,0.903733,0.952279,0.976163,0.974764,0.948119,0.896919,0.822489,0.726757,0.612202
0.82235,0.896446,0.947329,0.973676,0.974805,0.950688,0.901948,0.829849,0.736257,0.623596
0.81273,0.888946,0.942145,0.970943,0.974594,0.953004,0.906731,0.836975,0.745541,0.634799
0.802926,0.881235,0.93673,0.967965,0.97413,0.955067,0.911267,0.843866,0.754609,0.645809
0.792941,0.873315,0.931086,0.964744,0.973416,0.956877,0.915555,0.850521,0.763459,0.656624
0.782778,0.865189,0.925214,0.96128,0.97245,0.958434,0.919595,0.856938,0.772088,0.667241
0.772443,0.856861,0.919119,0.957577,0.971235,0.959739,0.923386,0.863117,0.780495,0.677658
0.761939,0.848333,0.9128,0.953634,0.969771,0.960791,0.926928,0.869057,0.788678,0.687873
0.751271,0.839608,0.906261,0.949454,0.968059,0.961592,0.93022,0.874756,0.796637,0.697884
0.740443,0.83069,0.899504,0.945039,0.966101,0.962142,0.933264,0.880214,0.804368,0.707689
0.729462,0.821581,0.892532,0.94039,0.963897,0.96244,0.936057,0.88543,0.811872,0.717286
0.718331,0.812287,0.885347,0.935509,0.961449,0.962489,0.938601,0.890404,0.819145,0.726672
0.707057,0.80281,0.877952,0.930399,0.958758,0.962288,0.940895,0.895133,0.826188,0.735846
0.695645,0.793154,0.870349,0.92506,0.955825,0.961838,0.942939,0.899619,0.833,0.744806
0.684101,0.783324,0.862542,0.919496,0.952652,0.961139,0.944734,0.90386,0.839577,0.75355
0.672432,0.773324,0.854533,0.913707,0.94924,0.960193,0.946279,0.907856,0.845921,0.762076
0.660643,0.763158,0.846326,0.907698,0.945591,0.959001,0.947575,0.911607,0.852029,0.770384
0.648741,0.752831,0.837924,0.901469,0.941706,0.957563,0.948622,0.915112,0.857901,0.778471
0.636733,0.742348,0.829331,0.895024,0.937588,0.955881,0.94942,0.91837,0.863535,0.786335
0.624624,0.731714,0.82055,0.888364,0.933237,0.953955,0.94997,0.921382,0.868931,0.793976
0.612422,0.720934,0.811584,0.881493,0.928655,0.951787,0.950273,0.924148,0.874089,0.801391
0.600133,0.710013,0.802438,0.874414,0.923845,0.949378,0.950328,0.926667,0.879006,0.80858
0.587764,0.698957,0.793116,0.867128,0.918809,0.946728,0.950137,0.92894,0.883684,0.815541
0.57532,0.687771,0.783621,0.85964,0.913548,0.943841,0.9497,0.930966,0.88812,0.822273
0.562809,0.676461,0.773959,0.851952,0.908065,0.940716,0.949018,0.932745,0.892315,0.828774
0.550236,0.665033,0.764133,0.844067,0.902362,0.937356,0.948092,0.934278,0.896268,0.835045
0.537608,0.653492,0.754148,0.835989,0.896442,0.933762,0.946923,0.935565,0.899978,0.841083
0.52493,0.641844,0.744009,0.827722,0.890306,0.929936,0.945511,0.936607,0.903446,0.846887
0.512209,0.630095,0.733721,0.819268,0.883958,0.925879,0.943858,0.937402,0.906671,0.852458
0.499448,0.618251,0.723288,0.810632,0.877401,0.921594,0.941965,0.937953,0.909652,0.857793
0.486655,0.606317,0.712715,0.801817,0.870636,0.917082,0.939833,0.93826,0.912391,0.862892
0.473832,0.594299,0.702008,0.792828,0.863667,0.912345,0.937463,0.938322,0.914885,0.867755
0.460986,0.582203,0.691171,0.783668,0.856496,0.907385,0.934856,0.938142,0.917137,0.87238
0.44812,0.570033,0.68021,0.774342,0.849128,0.902205,0.932015,0.937718,0.919145,0.876768
0.435239,0.557796,0.66913,0.764853,0.841565,0.896806,0.92894,0.937053,0.920909,0.880917
0.422346,0.545497,0.657936,0.755207,0.83381,0.891192,0.925633,0.936147,0.922431,0.884827
0.409444,0.53314,0.646633,0.745407,0.825867,0.885364,0.922095,0.935001,0.923709,0.888498
0.396537,0.52073,0.635226,0.735458,0.817739,0.879326,0.918329,0.933616,0.924745,0.891929
0.383627,0.508273,0.623721,0.725365,0.80943,0.873079,0.914337,0.931994,0.925539,0.895121
0.370717,0.495773,0.612122,0.715132,0.800944,0.866627,0.910119,0.930134,0.926091,0.898072
0.357809,0.483233,0.600435,0.704764,0.792284,0.859972,0.905678,0.928038,0.926402,0.900783
0.344905,0.470659,0.588665,0.694265,0.783455,0.853117,0.901016,0.925709,0.926472,0.903254
0.332007,0.458053,0.576816,0.683641,0.77446,0.846066,0.896136,0.923146,0.926302,0.905485
0.319116,0.44542,0.564893,0.672896,0.765303,0.838822,0.891039,0.920352,0.925893,0.907475
0.306233,0.432763,0.552901,0.662035,0.755989,0.831387,0.885728,0.917328,0.925245,0.909225
0.29336,0.420085,0.540844,0.651062,0.746521,0.823765,0.880205,0.914076,0.92436,0.910735
0.280498,0.407389,0.528727,0.639983,0.736904,0.815959,0.874473,0.910597,0.923239,0.912006
0.267646,0.394678,0.516554,0.628802,0.727142,0.807974,0.868534,0.906893,0.921881,0.913037
0.254806,0.381955,0.504329,0.617523,0.71724,0.799811,0.862392,0.902966,0.92029,0.913829
0.241977,0.369221,0.492056,0.606151,0.707201,0.791476,0.856048,0.898818,0.918464,0.914383
0.229161,0.35648,0.479738,0.59469,0.697031,0.782972,0.849506,0.894451,0.916407,0.914699
0.216356,0.343732,0.46738,0.583146,0.686733,0.774302,0.842768,0.889866,0.914119,0.914778
0.203564,0.33098,0.454984,0.571522,0.676312,0.765471,0.835838,0.885068,0.911602,0.914619
0.190784,0.318225,0.442555,0.559822,0.665772,0.756482,0.828719,0.880056,0.908857,0.914225
0.178017,0.305469,0.430094,0.548051,0.655117,0.747339,0.821414,0.874834,0.905885,0.913596
0.165261,0.292713,0.417606,0.536213,0.644353,0.738046,0.813926,0.869405,0.902689,0.912733
0.152517,0.279957,0.405092,0.524312,0.633483,0.728607,0.806258,0.863771,0.89927,0.911637
0.139785,0.267204,0.392555,0.51235,0.622511,0.719026,0.798414,0.857934,0.89563,0.910308
0.127065,0.254454,0.379999,0.500333,0.611441,0.709308,0.790398,0.851897,0.891771,0.908749
0.114357,0.241708,0.367424,0.488264,0.600279,0.699456,0.782213,0.845662,0.887694,0.90696
0.10166,0.228967,0.354833,0.476146,0.589027,0.689474,0.773862,0.839234,0.883402,0.904942
0.0889755,0.216231,0.342229,0.463981,0.577691,0.679367,0.765349,0.832614,0.878897,0.902697
0.0763025,0.2035,0.329613,0.451775,0.566273,0.669138,0.756678,0.825806,0.874181,0.900226
0.0636416,0.190776,0.316986,0.439529,0.554778,0.658792,0.747852,0.818812,0.869256,0.897531
0.0509931,0.178059,0.304351,0.427246,0.543209,0.648332,0.738875,0.811636,0.864125,0.894614
0.0383572,0.165349,0.291708,0.414929,0.53157,0.637763,0.729752,0.804281,0.858791,0.891475
0.0257345,0.152648,0.27906,0.402582,0.519866,0.627088,0.720485,0.79675,0.853255,0.888117
0.0131256,0.139955,0.266408,0.390205,0.508098,0.616312,0.711078,0.789046,0.84752,0.884542
0.000530977,0.12727,0.253752,0.377802,0.496271,0.605438,0.701536,0.781173,0.841589,0.880752
-0.0120484,0.114595,0.241094,0.365376,0.484388,0.59447,0.691862,0.773135,0.835464,0.876747
-0.0246117,0.10193,0.228436,0.352927,0.472452,0.583413,0.68206,0.764934,0.829149,0.872532
-0.0371579,0.0892759,0.215777,0.340458,0.460466,0.572269,0.672134,0.756573,0.822646,0.868107
-0.0496858,0.0766328,0.20312,0.327972,0.448433,0.561042,0.662087,0.748058,0.815959,0.863474
-0.0621943,0.0640016,0.190465,0.31547,0.436356,0.549736,0.651924,0.73939,0.809089,0.858637
-0.0746818,0.0513831,0.177813,0.302953,0.424238,0.538354,0.641648,0.730574,0.802041,0.853597
-0.087147,0.038778,0.165165,0.290424,0.412082,0.5269,0.631262,0.721614,0.794816,0.848357
-0.0995881,0.0261873,0.152522,0.277884,0.399889,0.515378,0.620771,0.712512,0.787419,0.842919
-0.112003,0.013612,0.139885,0.265335,0.387664,0.50379,0.610179,0.703272,0.779853,0.837286
-0.124391,0.00105297,0.127254,0.252778,0.375406,0.492139,0.599488,0.693898,0.77212,0.831461
-0.13675,-0.0114885,0.114631,0.240214,0.363121,0.480429,0.588703,0.684394,0.764224,0.825445
-0.149076,-0.0240113,0.102017,0.227645,0.350808,0.468663,0.577826,0.674763,0.756169,0.819242
-0.161369,-0.036514,0.0894129,0.215073,0.338471,0.456844,0.566862,0.665009,0.747957,0.812855
-0.173626,-0.0489953,0.0768191,0.202498,0.326112,0.444974,0.555814,0.655135,0.739591,0.806286
-0.185844,-0.0614538,0.0642372,0.189922,0.313732,0.433056,0.544685,0.645145,0.731077,0.799539
-0.198022,-0.0738877,0.0516681,0.177346,0.301333,0.421094,0.533479,0.635042,0.722415,0.792615
-0.210156,-0.0862956,0.0391129,0.164772,0.288918,0.409089,0.522198,0.62483,0.713611,0.785519
-0.222244,-0.0986756,0.0265731,0.1522,0.276488,0.397044,0.510846,0.614513,0.704667,0.778253
-0.234283,-0.111026,0.0140497,0.139632,0.264045,0.384962,0.499427,0.604094,0.695587,0.77082
-0.246271,-0.123345,0.0015441,0.127069,0.25159,0.372845,0.487942,0.593576,0.686374,0.763223
-0.258205,-0.13563,-0.0109423,0.114513,0.239125,0.360696,0.476395,0.582962,0.677032,0.755466
-0.270081,-0.147879,-0.023408,0.101964,0.226652,0.348516,0.46479,0.572257,0.667564,0.747551
-0.281897,-0.16009,-0.0358516,0.0894242,0.214172,0.336308,0.453128,0.561463,0.657974,0.739482
-0.29365,-0.172261,-0.0482714,0.0768946,0.201687,0.324073,0.441413,0.550583,0.648264,0.731262
-0.305337,-0.18439,-0.0606658,0.0643765,0.189199,0.311815,0.429647,0.539621,0.638439,0.722894
-0.316954,-0.196474,-0.0730331,0.0518714,0.176708,0.299535,0.417833,0.52858,0.628501,0.714381
-0.328499,-0.20851,-0.0853715,0.0393807,0.164216,0.287234,0.405974,0.517463,0.618454,0.705727
-0.339968,-0.220497,-0.0976791,0.0269058,0.151726,0.274916,0.394072,0.506274,0.608302,0.696935
-0.351359,-0.232431,-0.109954,0.0144482,0.139237,0.262581,0.382129,0.495014,0.598047,0.688008
-0.362667,-0.24431,-0.122194,0.00200953,0.126753,0.250232,0.370148,0.483687,0.587692,0.678949
-0.373891,-0.256131,-0.134398,-0.0104087,0.114273,0.23787,0.358132,0.472296,0.577242,0.669762
-0.385026,-0.267892,-0.146562,-0.0228049,0.101801,0.225497,0.346082,0.460843,0.566699,0.66045
-0.396069,-0.279589,-0.158686,-0.0351773,0.0893369,0.213116,0.334001,0.449333,0.556066,0.651016
-0.407018,-0.291219,-0.170766,-0.0475242,0.0768826,0.200727,0.321891,0.437766,0.545347,0.641463
-0.417868,-0.302781,-0.1828,-0.0598439,0.0644397,0.188332,0.309754,0.426146,0.534544,0.631795
-0.428618,-0.314271,-0.194787,-0.0721343,0.0520098,0.175933,0.297592,0.414476,0.523661,0.622014
-0.439263,-0.325685,-0.206723,-0.0843937,0.0395946,0.163532,0.285407,0.402757,0.5127,0.612125
-0.4498,-0.337022,-0.218606,-0.0966202,0.0271955,0.15113,0.273202,0.390993,0.501665,0.602129
-0.460226,-0.348278,-0.230434,-0.108812,0.0148144,0.138729,0.260978,0.379186,0.490558,0.592031
-0.470539,-0.35945,-0.242203,-0.120966,0.00245295,0.126331,0.248737,0.367339,0.479382,0.581833
-0.480734,-0.370535,-0.253912,-0.133081,-0.00988716,0.113938,0.236482,0.355453,0.46814,0.571539
-0.490809,-0.381529,-0.265558,-0.145155,-0.0222041,0.10155,0.224214,0.343532,0.456835,0.56115
-0.500762,-0.392431,-0.277138,-0.157185,-0.0344961,0.0891705,0.211934,0.331576,0.44547,0.550672
-0.510588,-0.403237,-0.288649,-0.16917,-0.0467612,0.0768004,0.199646,0.31959,0.434047,0.540106
-0.520284,-0.413944,-0.300089,-0.181107,-0.0589976,0.0644414,0.18735,0.307574,0.422568,0.529455
-0.529849,-0.424549,-0.311454,-0.192993,-0.0712033,0.0520954,0.175049,0.295531,0.411037,0.518723
-0.539278,-0.435048,-0.322743,-0.204826,-0.0833763,0.0397642,0.162744,0.283463,0.399456,0.507912
-0.54857,-0.44544,-0.333952,-0.216604,-0.0955147,0.0274495,0.150437,0.271373,0.387827,0.497026
-0.557721,-0.45572,-0.345078,-0.228324,-0.107616,0.0151532,0.13813,0.259262,0.376154,0.486066
-0.566728,-0.465887,-0.356118,-0.239984,-0.119679,0.00287706,0.125825,0.247132,0.364437,0.475036
-0.57559,-0.475936,-0.36707,-0.251581,-0.131701,-0.00937702,0.113524,0.234986,0.352681,0.463938
-0.584302,-0.485865,-0.377931,-0.263113,-0.143679,-0.0216071,0.101228,0.222825,0.340886,0.452776
-0.592863,-0.495672,-0.388697,-0.274577,-0.155612,-0.0338114,0.0889399,0.210652,0.329056,0.441552
-0.60127,-0.505353,-0.399367,-0.28597,-0.167498,-0.0459878,0.0766607,0.198467,0.317192,0.430268
-0.609521,-0.514906,-0.409937,-0.29729,-0.179333,-0.0581343,0.0643926,0.186275,0.305298,0.418927
-0.617613,-0.524327,-0.420404,-0.308534,-0.191116,-0.070249,0.0521374,0.174075,0.293375,0.407533
-0.625543,-0.533614,-0.430765,-0.319699,-0.202844,-0.0823298,0.039897,0.161871,0.281425,0.396086
-0.63331,-0.542764,-0.441018,-0.330783,-0.214516,-0.0943746,0.0276734,0.149664,0.26945,0.38459
-0.640911,-0.551775,-0.451159,-0.341783,-0.226127,-0.106381,0.0154683,0.137457,0.257453,0.373047
-0.648344,-0.560644,-0.461187,-0.352696,-0.237677,-0.118348,0.00328392,0.12525,0.245437,0.36146
-0.655607,-0.569368,-0.471097,-0.36352,-0.249162,-0.130272,-0.00887792,0.113047,0.233402,0.349831
-0.662698,-0.577945,-0.480888,-0.374251,-0.26058,-0.142151,-0.0210152,0.100848,0.221351,0.338163
-0.669615,-0.586372,-0.490556,-0.384887,-0.271929,-0.153983,-0.0331259,0.0886564,0.209286,0.326457
-0.676355,-0.594648,-0.5001,-0.395426,-0.283205,-0.165766,-0.0452081,0.0764736,0.19721,0.314716
-0.682918,-0.602768,-0.509515,-0.405864,-0.294407,-0.177498,-0.0572595,0.0643018,0.185124,0.302943
-0.6893,-0.610732,-0.5188,-0.416198,-0.305531,-0.189176,-0.0692782,0.0521428,0.17303,0.29114
-0.695502,-0.618537,-0.527951,-0.426427,-0.316576,-0.200798,-0.081262,0.0399986,0.16093,0.279308
-0.70152,-0.62618,-0.536967,-0.436547,-0.327538,-0.212361,-0.0932089,0.0278712,0.148827,0.267451
-0.707353,-0.63366,-0.545845,-0.446556,-0.338415,-0.223863,-0.105117,0.0157627,0.136722,0.25557
-0.713,-0.640974,-0.554582,-0.45645,-0.349204,-0.235302,-0.116983,0.00367513,0.124618,0.243667
-0.718459,-0.648121,-0.563175,-0.466228,-0.359902,-0.246675,-0.128806,-0.00838956,0.112516,0.231746
-0.723729,-0.655098,-0.571623,-0.475886,-0.370508,-0.257979,-0.140583,-0.0204293,0.100419,0.219807
-0.728808,-0.661903,-0.579923,-0.485422,-0.381018,-0.269213,-0.152312,-0.0324419,0.0883288,0.207853
-0.733696,-0.668535,-0.588072,-0.494833,-0.391429,-0.280374,-0.16399,-0.0444253,0.0762468,0.195887
-0.738391,-0.674991,-0.596068,-0.504117,-0.40174,-0.291459,-0.175616,-0.0563775,0.0641756,0.18391
-0.742891,-0.681271,-0.60391,-0.513272,-0.411947,-0.302465,-0.187187,-0.0682962,0.0521171,0.171924
-0.747197,-0.687371,-0.611594,-0.522294,-0.422048,-0.313391,-0.198701,-0.0801794,0.0400734,0.159932
-0.751306,-0.693292,-0.619119,-0.531181,-0.432039,-0.324233,-0.210155,-0.0920248,0.0280466,0.147936
-0.755218,-0.69903,-0.626483,-0.539931,-0.44192,-0.334989,-0.221547,-0.10383,0.0160387,0.135937
-0.758932,-0.704585,-0.633683,-0.548542,-0.451686,-0.345657,-0.232874,-0.115593,0.00405195,0.123939
-0.762447,-0.709955,-0.640717,-0.55701,-0.461336,-0.356233,-0.244135,-0.127312,-0.00791165,0.111942
-0.765763,-0.715139,-0.647585,-0.565334,-0.470867,-0.366716,-0.255327,-0.138985,-0.01985,0.0999502
-0.768879,-0.720135,-0.654283,-0.573512,-0.480276,-0.377103,-0.266446,-0.150608,-0.0317608,0.0879642
-0.771794,-0.724943,-0.66081,-0.58154,-0.48956,-0.387391,-0.277492,-0.16218,-0.0436421,0.0759865
-0.774507,-0.729561,-0.667164,-0.589418,-0.498719,-0.397578,-0.28846,-0.173699,-0.0554916,0.0640193
-0.777019,-0.733987,-0.673344,-0.597142,-0.507748,-0.407661,-0.29935,-0.185161,-0.0673072,0.0520648
-0.779329,-0.738222,-0.679348,-0.60471,-0.516646,-0.417638,-0.310158,-0.196566,-0.0790867,0.040125
-0.781436,-0.742263,-0.685174,-0.612122,-0.525409,-0.427505,-0.320882,-0.20791,-0.0908279,0.028202
-0.78334,-0.746111,-0.69082,-0.619374,-0.534037,-0.437262,-0.33152,-0.219191,-0.102529,0.0162981
-0.785042,-0.749763,-0.696286,-0.626464,-0.542526,-0.446904,-0.342068,-0.230407,-0.114186,0.00441542
-0.78654,-0.75322,-0.70157,-0.633391,-0.550874,-0.45643,-0.352525,-0.241556,-0.125799,-0.00744396
-0.787835,-0.756481,-0.706671,-0.640153,-0.559079,-0.465838,-0.362888,-0.252634,-0.137365,-0.0192778
-0.788926,-0.759544,-0.711587,-0.646748,-0.567139,-0.475124,-0.373155,-0.26364,-0.148881,-0.031084
-0.789815,-0.76241,-0.716316,-0.653175,-0.575052,-0.484287,-0.383322,-0.274571,-0.160345,-0.0428603
-0.7905,-0.765077,-0.720859,-0.65943,-0.582815,-0.493324,-0.393388,-0.285425,-0.171755,-0.0546046
-0.790982,-0.767546,-0.725214,-0.665514,-0.590426,-0.502232,-0.403351,-0.296199,-0.183108,-0.0663145
-0.791261,-0.769816,-0.729379,-0.671424,-0.597884,-0.51101,-0.413207,-0.306891,-0.194403,-0.077988
-0.791338,-0.771887,-0.733355,-0.677159,-0.605186,-0.519655,-0.422954,-0.317498,-0.205636,-0.0896227
-0.791212,-0.773757,-0.737139,-0.682717,-0.61233,-0.528164,-0.43259,-0.328019,-0.216806,-0.101216
-0.790885,-0.775428,-0.740731,-0.688097,-0.619315,-0.536536,-0.442112,-0.33845,-0.22791,-0.112767
-0.790356,-0.776899,-0.744131,-0.693297,-0.626139,-0.544769,-0.451518,-0.348789,-0.238946,-0.124272
-0.789627,-0.778169,-0.747337,-0.698317,-0.632799,-0.552859,-0.460806,-0.359035,-0.249912,-0.135729
-0.788697,-0.779239,-0.75035,-0.703155,-0.639295,-0.560806,-0.469974,-0.369183,-0.260804,-0.147136
-0.787568,-0.780109,-0.753167,-0.707809,-0.645624,-0.568607,-0.479018,-0.379233,-0.271622,-0.158491
-0.786239,-0.780779,-0.75579,-0.712279,-0.651784,-0.57626,-0.487937,-0.389181,-0.282361,-0.169792
-0.784713,-0.781249,-0.758216,-0.716564,-0.657775,-0.583762,-0.496729,-0.399025,-0.293021,-0.181035
-0.782989,-0.781519,-0.760447,-0.720663,-0.663595,-0.591113,-0.505391,-0.408763,-0.303598,-0.192219
-0.781068,-0.78159,-0.762481,-0.724574,-0.669241,-0.598309,-0.51392,-0.418392,-0.31409,-0.203341
-0.778951,-0.781461,-0.764319,-0.728296,-0.674714,-0.60535,-0.522316,-0.427911,-0.324495,-0.2144
-0.77664,-0.781133,-0.765959,-0.73183,-0.680011,-0.612233,-0.530575,-0.437316,-0.334811,-0.225392
-0.774135,-0.780607,-0.767403,-0.735174,-0.68513,-0.618957,-0.538695,-0.446606,-0.345034,-0.236316
-0.771437,-0.779883,-0.768649,-0.738328,-0.690072,-0.625519,-0.546675,-0.455778,-0.355164,-0.247169
-0.768548,-0.778962,-0.769698,-0.74129,-0.694834,-0.631919,-0.554513,-0.46483,-0.365196,-0.257949
-0.765468,-0.777844,-0.77055,-0.74406,-0.699415,-0.638154,-0.562205,-0.473759,-0.37513,-0.268653
-0.762199,-0.77653,-0.771204,-0.746638,-0.703815,-0.644222,-0.569751,-0.482564,-0.384962,-0.279279
-0.758742,-0.77502,-0.771662,-0.749024,-0.708032,-0.650124,-0.577149,-0.491242,-0.394691,-0.289824
-0.755098,-0.773315,-0.771922,-0.751216,-0.712065,-0.655856,-0.584396,-0.499791,-0.404314,-0.300288
-0.751268,-0.771417,-0.771986,-0.753215,-0.715914,-0.661417,-0.591491,-0.50821,-0.413828,-0.310666
-0.747255,-0.769326,-0.771854,-0.75502,-0.719577,-0.666807,-0.598431,-0.516494,-0.423232,-0.320957
-0.743059,-0.767043,-0.771526,-0.75663,-0.723053,-0.672023,-0.605216,-0.524644,-0.432523,-0.331158
-0.738683,-0.764568,-0.771002,-0.758047,-0.726343,-0.677064,-0.611843,-0.532656,-0.441699,-0.341268
-0.734126,-0.761904,-0.770283,-0.759269,-0.729445,-0.68193,-0.618311,-0.540529,-0.450758,-0.351283
-0.729392,-0.75905,-0.769369,-0.760297,-0.732358,-0.686619,-0.624617,-0.54826,-0.459697,-0.361202
-0.724482,-0.756009,-0.768262,-0.761131,-0.735083,-0.691129,-0.630761,-0.555848,-0.468515,-0.371021
-0.719397,-0.752781,-0.766961,-0.76177,-0.737618,-0.695461,-0.636742,-0.563291,-0.477208,-0.38074
-0.714139,-0.749368,-0.765467,-0.762215,-0.739963,-0.699612,-0.642556,-0.570587,-0.485776,-0.390355
-0.70871,-0.745771,-0.763782,-0.762467,-0.742118,-0.703582,-0.648203,-0.577734,-0.494216,-0.399865
-0.703112,-0.74199,-0.761906,-0.762524,-0.744082,-0.70737,-0.653682,-0.58473,-0.502525,-0.409267
-0.697346,-0.738028,-0.759839,-0.762388,-0.745854,-0.710975,-0.658992,-0.591573,-0.510703,-0.418558
-0.691415,-0.733887,-0.757583,-0.762058,-0.747436,-0.714396,-0.66413,-0.598263,-0.518746,-0.427738
-0.68532,-0.729566,-0.755138,-0.761536,-0.748827,-0.717633,-0.669095,-0.604796,-0.526653,-0.436803
-0.679064,-0.725069,-0.752506,-0.760822,-0.750026,-0.720684,-0.673888,-0.611172,-0.534421,-0.445751
-0.672647,-0.720396,-0.749688,-0.759916,-0.751033,-0.723551,-0.678505,-0.617389,-0.54205,-0.45458
-0.666073,-0.715549,-0.746684,-0.758819,-0.751849,-0.72623,-0.682947,-0.623445,-0.549537,-0.463288
-0.659344,-0.71053,-0.743497,-0.757531,-0.752473,-0.728723,-0.687212,-0.629339,-0.556879,-0.471874
-0.652461,-0.70534,-0.740126,-0.756053,-0.752906,-0.731029,-0.691299,-0.63507,-0.564076,-0.480334
-0.645426,-0.699982,-0.736574,-0.754386,-0.753147,-0.733147,-0.695208,-0.640635,-0.571126,-0.488667
-0.638243,-0.694456,-0.732842,-0.75253,-0.753198,-0.735077,-0.698937,-0.646034,-0.578026,-0.496871
-0.630913,-0.688765,-0.72893,-0.750487,-0.753058,-0.736819,-0.702486,-0.651265,-0.584776,-0.504943
-0.623438,-0.682911,-0.724841,-0.748257,-0.752728,-0.738372,-0.705853,-0.656328,-0.591373,-0.512883
-0.61582,-0.676895,-0.720576,-0.745842,-0.752207,-0.739737,-0.709039,-0.66122,-0.597816,-0.520687
-0.608063,-0.67072,-0.716136,-0.743242,-0.751497,-0.740913,-0.712042,-0.665941,-0.604102,-0.528355
-0.600168,-0.664387,-0.711523,-0.740457,-0.750598,-0.7419,-0.714862,-0.67049,-0.610232,-0.535883
-0.592137,-0.657898,-0.706738,-0.737491,-0.749511,-0.742698,-0.717498,-0.674865,-0.616203,-0.543271
-0.583974,-0.651256,-0.701784,-0.734342,-0.748235,-0.743308,-0.71995,-0.679066,-0.622014,-0.550517
-0.57568,-0.644463,-0.696661,-0.731014,-0.746772,-0.743729,-0.722217,-0.683091,-0.627662,-0.557618
-0.567258,-0.63752,-0.691372,-0.727506,-0.745123,-0.743961,-0.7243,-0.68694,-0.633148,-0.564573
-0.558711,-0.63043,-0.685917,-0.72382,-0.743288,-0.744005,-0.726197,-0.690612,-0.63847,-0.57138
-0.55004,-0.623194,-0.6803,-0.719958,-0.741268,-0.743861,-0.727908,-0.694106,-0.643626,-0.578038
-0.541249,-0.615816,-0.674521,-0.715921,-0.739064,-0.74353,-0.729434,-0.697421,-0.648615,-0.584545
-0.532341,-0.608298,-0.668583,-0.71171,-0.736677,-0.743011,-0.730774,-0.700557,-0.653436,-0.5909
-0.523317,-0.600641,-0.662488,-0.707326,-0.734108,-0.742305,-0.731927,-0.703513,-0.658088,-0.597101
-0.51418,-0.592848,-0.656237,-0.702772,-0.731357,-0.741413,-0.732895,-0.706288,-0.66257,-0.603146
-0.504933,-0.584922,-0.649832,-0.698048,-0.728426,-0.740335,-0.733676,-0.708882,-0.66688,-0.609034
-0.495579,-0.576864,-0.643276,-0.693157,-0.725316,-0.739071,-0.734271,-0.711294,-0.671019,-0.614763
-0.486121,-0.568678,-0.63657,-0.6881,-0.722029,-0.737624,-0.73468,-0.713524,-0.674984,-0.620333
-0.47656,-0.560365,-0.629717,-0.682878,-0.718564,-0.735992,-0.734904,-0.715572,-0.678775,-0.625742
-0.4669,-0.551928,-0.622719,-0.677494,-0.714925,-0.734177,-0.734941,-0.717437,-0.682392,-0.630988
-0.457144,-0.54337,-0.615577,-0.671949,-0.711111,-0.73218,-0.734794,-0.719119,-0.685832,-0.636071
-0.447294,-0.534692,-0.608295,-0.666245,-0.707124,-0.730001,-0.734461,-0.720618,-0.689097,-0.640988
-0.437353,-0.525899,-0.600874,-0.660383,-0.702966,-0.727641,-0.733943,-0.721933,-0.692184,-0.64574
-0.427324,-0.516991,-0.593316,-0.654366,-0.698638,-0.725102,-0.733242,-0.723065,-0.695094,-0.650325
-0.417209,-0.507972,-0.585624,-0.648196,-0.694141,-0.722384,-0.732356,-0.724013,-0.697826,-0.654742
-0.407012,-0.498845,-0.5778,-0.641874,-0.689478,-0.719489,-0.731288,-0.724778,-0.700378,-0.65899
-0.396736,-0.489611,-0.569846,-0.635402,-0.684649,-0.716416,-0.730036,-0.725359,-0.702752,-0.663068
-0.386383,-0.480275,-0.561766,-0.628783,-0.679656,-0.713169,-0.728603,-0.725757,-0.704946,-0.666975
-0.375955,-0.470837,-0.55356,-0.622018,-0.674501,-0.709747,-0.726988,-0.725972,-0.70696,-0.67071
-0.365457,-0.461301,-0.545232,-0.61511,-0.669185,-0.706152,-0.725193,-0.726003,-0.708794,-0.674272
-0.354891,-0.451671,-0.536784,-0.608061,-0.663711,-0.702386,-0.723218,-0.725852,-0.710448,-0.677661
-0.344259,-0.441947,-0.528219,-0.600872,-0.65808,-0.698449,-0.721064,-0.725518,-0.71192,-0.680876
-0.333566,-0.432134,-0.519539,-0.593546,-0.652293,-0.694342,-0.718731,-0.725002,-0.713212,-0.683917
-0.322812,-0.422233,-0.510746,-0.586086,-0.646354,-0.690069,-0.716222,-0.724305,-0.714323,-0.686782
-0.312003,-0.412249,-0.501843,-0.578493,-0.640262,-0.685629,-0.713536,-0.723426,-0.715252,-0.689471
-0.30114,-0.402183,-0.492833,-0.57077,-0.634021,-0.681024,-0.710675,-0.722366,-0.716001,-0.691985
-0.290226,-0.392038,-0.483719,-0.562919,-0.627633,-0.676256,-0.70764,-0.721127,-0.716569,-0.694321
-0.279265,-0.381817,-0.474502,-0.554943,-0.621099,-0.671326,-0.704432,-0.719708,-0.716956,-0.69648
-0.268259,-0.371523,-0.465186,-0.546843,-0.614421,-0.666237,-0.701052,-0.71811,-0.717162,-0.698461
-0.257212,-0.36116,-0.455773,-0.538622,-0.607602,-0.660989,-0.697501,-0.716334,-0.717187,-0.700265
-0.246125,-0.350728,-0.446265,-0.530283,-0.600643,-0.655584,-0.693781,-0.71438,-0.717033,-0.701891
-0.235003,-0.340233,-0.436667,-0.521828,-0.593547,-0.650025,-0.689892,-0.71225,-0.716698,-0.703338
-0.223849,-0.329675,-0.426979,-0.51326,-0.586316,-0.644312,-0.685837,-0.709945,-0.716184,-0.704607
-0.212664,-0.31906,-0.417206,-0.50458,-0.578951,-0.638449,-0.681617,-0.707464,-0.71549,-0.705697
-0.201453,-0.308388,-0.407349,-0.495792,-0.571456,-0.632435,-0.677233,-0.70481,-0.714618,-0.706609
-0.190217,-0.297663,-0.397412,-0.486898,-0.563832,-0.626274,-0.672686,-0.701983,-0.713568,-0.707342
-0.178961,-0.286889,-0.387397,-0.4779,-0.556082,-0.619967,-0.667978,-0.698984,-0.71234,-0.707897
-0.167687,-0.276067,-0.377307,-0.468802,-0.548209,-0.613517,-0.66311,-0.695815,-0.710935,-0.708273
-0.156398,-0.265201,-0.367145,-0.459605,-0.540213,-0.606925,-0.658085,-0.692476,-0.709354,-0.708471
-0.145097,-0.254294,-0.356914,-0.450313,-0.532098,-0.600193,-0.652904,-0.688968,-0.707597,-0.708491
-0.133787,-0.243349,-0.346616,-0.440928,-0.523866,-0.593324,-0.647568,-0.685294,-0.705665,-0.708333
-0.122471,-0.232368,-0.336254,-0.431452,-0.51552,-0.586318,-0.642079,-0.681454,-0.703559,-0.707998
-0.111151,-0.221355,-0.325832,-0.421889,-0.507061,-0.57918,-0.636439,-0.677449,-0.701279,-0.707485
-0.0998314,-0.210312,-0.315351,-0.412241,-0.498493,-0.57191,-0.63065,-0.673281,-0.698827,-0.706796
-0.0885144,-0.199243,-0.304816,-0.402511,-0.489818,-0.564511,-0.624713,-0.668951,-0.696204,-0.705931
-0.077203,-0.18815,-0.294228,-0.392701,-0.481038,-0.556985,-0.61863,-0.664461,-0.693411,-0.704889
-0.0659002,-0.177036,-0.28359,-0.382814,-0.472156,-0.549335,-0.612404,-0.659812,-0.690447,-0.703673
-0.0546087,-0.165905,-0.272906,-0.372853,-0.463174,-0.541562,-0.606036,-0.655006,-0.687316,-0.702282
-0.0433316,-0.154758,-0.262178,-0.362821,-0.454096,-0.533669,-0.599528,-0.650044,-0.684017,-0.700717
-0.0320716,-0.1436,-0.25141,-0.35272,-0.444922,-0.525658,-0.592883,-0.644928,-0.680553,-0.698979
-0.0208317,-0.132433,-0.240604,-0.342553,-0.435657,-0.517532,-0.586101,-0.639659,-0.676923,-0.697068
-0.00961461,-0.121259,-0.229762,-0.332324,-0.426303,-0.509292,-0.579185,-0.63424,-0.67313,-0.694985
0.0015767,-0.110082,-0.218889,-0.322034,-0.416862,-0.500942,-0.572138,-0.628671,-0.669175,-0.692732
0.0127395,-0.0989054,-0.207986,-0.311687,-0.407338,-0.492484,-0.564962,-0.622956,-0.665058,-0.690308
0.0238709,-0.087731,-0.197057,-0.301286,-0.397732,-0.48392,-0.557657,-0.617094,-0.660782,-0.687716
0.0349681,-0.0765619,-0.186105,-0.290833,-0.388047,-0.475253,-0.550228,-0.611089,-0.656348,-0.684955
0.0460285,-0.0654011,-0.175132,-0.28033,-0.378287,-0.466484,-0.542675,-0.604942,-0.651757,-0.682027
0.0570491,-0.0542516,-0.164141,-0.269782,-0.368453,-0.457618,-0.535002,-0.598655,-0.647011,-0.678933
0.0680273,-0.043116,-0.153135,-0.259191,-0.358549,-0.448655,-0.52721,-0.59223,-0.642111,-0.675674
0.0789604,-0.0319973,-0.142118,-0.248559,-0.348577,-0.4396,-0.519302,-0.585669,-0.63706,-0.672251
0.0898457,-0.0208982,-0.131092,-0.23789,-0.33854,-0.430453,-0.511279,-0.578974,-0.631857,-0.668666
0.10068,-0.0098217,-0.120059,-0.227186,-0.328441,-0.421219,-0.503146,-0.572147,-0.626506,-0.664919
0.111462,0.00122954,-0.109023,-0.216451,-0.318282,-0.411899,-0.494903,-0.56519,-0.621008,-0.661013
0.122188,0.0122527,-0.0979868,-0.205686,-0.308067,-0.402496,-0.486553,-0.558104,-0.615365,-0.656947
0.132855,0.023245,-0.086953,-0.194895,-0.297798,-0.393012,-0.478098,-0.550893,-0.609578,-0.652724
0.143461,0.0342037,-0.0759244,-0.184081,-0.287478,-0.383451,-0.469542,-0.543559,-0.603649,-0.648345
0.154004,0.0451261,-0.0649039,-0.173247,-0.277109,-0.373815,-0.460885,-0.536103,-0.59758,-0.643811
0.16448,0.0560094,-0.0538943,-0.162395,-0.266695,-0.364107,-0.452132,-0.528528,-0.591372,-0.639124
0.174888,0.0668509,-0.0428985,-0.151529,-0.256238,-0.354329,-0.443284,-0.520835,-0.585029,-0.634286
0.185225,0.0776479,-0.0319192,-0.140651,-0.245742,-0.344485,-0.434344,-0.513028,-0.578551,-0.629297
0.195488,0.0883979,-0.0209592,-0.129763,-0.235208,-0.334576,-0.425315,-0.505108,-0.571941,-0.62416
0.205675,0.0990981,-0.0100213,-0.11887,-0.22464,-0.324605,-0.416198,-0.497078,-0.565201,-0.618877
0.215784,0.109746,0.000891663,-0.107973,-0.21404,-0.314576,-0.406997,-0.488941,-0.558333,-0.613448
0.225811,0.120339,0.011777,-0.0970755,-0.203412,-0.304491,-0.397714,-0.480697,-0.551338,-0.607875
0.235756,0.130874,0.0226321,-0.0861804,-0.192758,-0.294352,-0.388352,-0.472351,-0.544219,-0.602161
0.245614,0.141349,0.033454,-0.0752905,-0.18208,-0.284163,-0.378913,-0.463904,-0.536978,-0.596307
0.255385,0.151761,0.0442402,-0.0644084,-0.171383,-0.273926,-0.3694,-0.455358,-0.529617,-0.590315
0.265066,0.162109,0.0549879,-0.053537,-0.160668,-0.263644,-0.359815,-0.446717,-0.522138,-0.584187
0.274655,0.172388,0.0656945,-0.0426791,-0.149939,-0.25332,-0.350162,-0.437982,-0.514544,-0.577924
0.284149,0.182597,0.0763573,-0.0318374,-0.139198,-0.242957,-0.340443,-0.429156,-0.506836,-0.571528
0.293546,0.192734,0.0869737,-0.0210147,-0.128448,-0.232556,-0.33066,-0.420242,-0.499017,-0.565002
0.302844,0.202796,0.0975411,-0.0102137,-0.117691,-0.222122,-0.320816,-0.411241,-0.49109,-0.558347
0.312041,0.212781,0.108057,0.000562891,-0.106932,-0.211657,-0.310915,-0.402158,-0.483056,-0.551566
0.321136,0.222685,0.118518,0.0113123,-0.0961715,-0.201163,-0.300958,-0.392993,-0.474918,-0.54466
0.330125,0.232508,0.128923,0.0220318,-0.0854134,-0.190643,-0.290948,-0.38375,-0.466678,-0.537632
0.339007,0.242247,0.139269,0.0327188,-0.0746603,-0.180101,-0.280888,-0.374431,-0.458338,-0.530483
0.347779,0.251898,0.149553,0.0433706,-0.0639148,-0.169539,-0.270781,-0.365039,-0.449902,-0.523215
0.356441,0.261461,0.159772,0.0539845,-0.0531798,-0.158959,-0.26063,-0.355577,-0.44137,-0.515832
0.36499,0.270933,0.169925,0.0645579,-0.042458,-0.148365,-0.250437,-0.346046,-0.432747,-0.508334
0.373424,0.280312,0.180009,0.0750882,-0.0317521,-0.13776,-0.240204,-0.336451,-0.424033,-0.500725
0.381741,0.289595,0.190021,0.0855728,-0.0210648,-0.127145,-0.229936,-0.326792,-0.415233,-0.493006
0.38994,0.29878,0.19996,0.0960091,-0.0103989,-0.116524,-0.219633,-0.317074,-0.406347,-0.485179
0.398018,0.307867,0.209822,0.106395,0.000243046,-0.1059,-0.2093,-0.307298,-0.397379,-0.477247
0.405975,0.316851,0.219605,0.116727,0.0108582,-0.0952749,-0.198939,-0.297467,-0.388331,-0.469213
0.413808,0.325732,0.229308,0.127003,0.021444,-0.084652,-0.188553,-0.287585,-0.379206,-0.461078
0.421516,0.334507,0.238927,0.137221,0.0319978,-0.0740338,-0.178144,-0.277653,-0.370006,-0.452844
0.429097,0.343174,0.248461,0.147378,0.042517,-0.0634232,-0.167715,-0.267674,-0.360733,-0.444515
0.436549,0.351732,0.257908,0.157471,0.0529988,-0.0528227,-0.157269,-0.257651,-0.351391,-0.436093
0.443872,0.360179,0.267264,0.167499,0.0634408,-0.0422352,-0.146808,-0.247587,-0.341982,-0.427579
0.451063,0.368512,0.276529,0.177459,0.0738403,-0.0316633,-0.136336,-0.237484,-0.332508,-0.418976
0.458121,0.37673,0.2857,0.187348,0.0841948,-0.0211097,-0.125855,-0.227345,-0.322972,-0.410288
0.465044,0.384832,0.294774,0.197165,0.0945018,-0.0105771,-0.115368,-0.217173,-0.313377,-0.401515
0.471833,0.392815,0.303751,0.206906,0.104759,-6.80602e-05,-0.104877,-0.206971,-0.303725,-0.392661
0.478484,0.400677,0.312627,0.21657,0.114963,0.0104147,-0.0943857,-0.196741,-0.294019,-0.383728
0.484996,0.408418,0.3214,0.226154,0.125112,0.0208685,-0.0838961,-0.186486,-0.284262,-0.374719
0.49137,0.416035,0.33007,0.235656,0.135204,0.0312908,-0.0734112,-0.176208,-0.274456,-0.365636
0.497602,0.423527,0.338634,0.245074,0.145235,0.0416791,-0.0629335,-0.16591,-0.264603,-0.356481
0.503692,0.430892,0.347089,0.254405,0.155205,0.0520306,-0.0524659,-0.155596,-0.254708,-0.347258
0.50964,0.438129,0.355435,0.263648,0.165109,0.0623429,-0.0420109,-0.145267,-0.244771,-0.337968
0.515443,0.445237,0.363669,0.272801,0.174947,0.0726133,-0.0315713,-0.134927,-0.234796,-0.328614
0.521101,0.452213,0.371789,0.28186,0.184715,0.0828394,-0.0211496,-0.124578,-0.224785,-0.319199
0.526614,0.459057,0.379795,0.290825,0.194411,0.0930187,-0.0107485,-0.114222,-0.214742,-0.309726
0.531978,0.465767,0.387683,0.299693,0.204033,0.103149,-0.000370615,-0.103864,-0.204669,-0.300197
0.537195,0.472342,0.395453,0.308462,0.213578,0.113227,0.00998141,-0.0935038,-0.194567,-0.290614
0.542263,0.47878,0.403102,0.31713,0.223045,0.123251,0.020305,-0.0831458,-0.184442,-0.28098
0.547182,0.485081,0.41063,0.325696,0.232432,0.133218,0.0305976,-0.0727923,-0.174293,-0.271298
0.551949,0.491243,0.418034,0.334157,0.241735,0.143126,0.0408566,-0.062446,-0.164126,-0.26157
0.556566,0.497265,0.425313,0.342511,0.250953,0.152973,0.0510795,-0.0521094,-0.153941,-0.251799
0.56103,0.503146,0.432466,0.350757,0.260084,0.162755,0.0612638,-0.0417852,-0.143743,-0.241988
0.565342,0.508884,0.439491,0.358893,0.269125,0.172472,0.0714069,-0.031476,-0.133532,-0.232139
0.569501,0.514479,0.446387,0.366917,0.278075,0.18212,0.0815063,-0.0211845,-0.123313,-0.222255
0.573506,0.519931,0.453152,0.374828,0.286932,0.191697,0.0915596,-0.0109133,-0.113088,-0.212339
0.577356,0.525237,0.459785,0.382623,0.295693,0.201202,0.101564,-0.000664811,-0.102859,-0.202392
0.581052,0.530397,0.466284,0.390301,0.304356,0.210631,0.111518,0.00955823,-0.0926293,-0.192419
0.584592,0.53541,0.472649,0.39786,0.31292,0.219982,0.121418,0.0197533,-0.0824012,-0.18242
0.587977,0.540275,0.478878,0.4053,0.321383,0.229254,0.131262,0.0299179,-0.0721774,-0.1724
0.591205,0.544992,0.48497,0.412617,0.329743,0.238444,0.141048,0.0400494,-0.0619606,-0.162361
0.594278,0.549559,0.490924,0.419811,0.337997,0.24755,0.150774,0.0501454,-0.0517533,-0.152304
0.597193,0.553977,0.496739,0.426881,0.346145,0.25657,0.160437,0.0602033,-0.0415582,-0.142234
0.599952,0.558244,0.502414,0.433824,0.354184,0.265502,0.170034,0.0702206,-0.0313778,-0.132152
0.602553,0.562359,0.507947,0.44064,0.362113,0.274344,0.179564,0.080195,-0.0212147,-0.122061
0.604998,0.566323,0.513338,0.447327,0.36993,0.283093,0.189024,0.0901239,-0.0110716,-0.111964
0.607285,0.570135,0.518586,0.453884,0.377633,0.291749,0.198412,0.100005,-0.000950841,-0.101864
0.609414,0.573794,0.523689,0.460309,0.38522,0.300308,0.207726,0.109836,0.00914491,-0.0917622
0.611386,0.577299,0.528648,0.466601,0.392691,0.308769,0.216963,0.119614,0.0192131,-0.0816622
0.613201,0.580651,0.533461,0.47276,0.400043,0.317131,0.226122,0.129337,0.0292514,-0.0715664
0.614858,0.583849,0.538127,0.478783,0.407275,0.32539,0.235201,0.139003,0.0392571,-0.0614774
0.616358,0.586893,0.542646,0.48467,0.414385,0.333546,0.244196,0.148609,0.0492278,-0.0513977
0.617701,0.589782,0.547017,0.49042,0.421372,0.341597,0.253107,0.158153,0.059161,-0.04133
0.618886,0.592516,0.55124,0.496031,0.428235,0.349541,0.261931,0.167632,0.0690543,-0.0312767
0.619915,0.595094,0.555313,0.501503,0.434972,0.357375,0.270666,0.177045,0.0789052,-0.0212404
0.620787,0.597518,0.559236,0.506834,0.441582,0.365099,0.27931,0.18639,0.0887114,-0.0112236
0.621503,0.599787,0.56301,0.512024,0.448064,0.372711,0.287861,0.195663,0.0984705,-0.0012289
0.622063,0.6019,0.566632,0.517072,0.454415,0.38021,0.296317,0.204864,0.10818,0.00874124
0.622468,0.603857,0.570103,0.521977,0.460636,0.387592,0.304677,0.213988,0.117838,0.0186843
0.622717,0.605659,0.573422,0.526738,0.466724,0.394858,0.312938,0.223036,0.127441,0.0285978
0.622812,0.607306,0.57659,0.531355,0.472679,0.402006,0.321099,0.232004,0.136988,0.0384794
0.622752,0.608797,0.579605,0.535826,0.4785,0.409033,0.329158,0.24089,0.146476,0.0483264
0.622538,0.610133,0.582467,0.540151,0.484185,0.415939,0.337113,0.249693,0.155903,0.0581366
0.622171,0.611314,0.585176,0.544329,0.489734,0.422723,0.344962,0.25841,0.165266,0.0679075
0.621652,0.61234,0.587733,0.54836,0.495145,0.429382,0.352704,0.26704,0.174564,0.0776367
0.62098,0.613212,0.590136,0.552243,0.500418,0.435916,0.360336,0.27558,0.183794,0.0873217
0.620158,0.613929,0.592386,0.555978,0.505551,0.442323,0.367858,0.284028,0.192955,0.0969603
0.619184,0.614492,0.594482,0.559564,0.510544,0.448602,0.375268,0.292383,0.202043,0.10655
0.618061,0.614901,0.596425,0.563001,0.515395,0.454751,0.382564,0.300642,0.211057,0.116089
0.616788,0.615158,0.598214,0.566288,0.520105,0.460771,0.389745,0.308804,0.219994,0.125574
0.615367,0.615261,0.59985,0.569425,0.524672,0.466659,0.396809,0.316868,0.228853,0.135004
0.613799,0.615212,0.601333,0.572412,0.529096,0.472414,0.403755,0.32483,0.237632,0.144375
0.612083,0.615011,0.602662,0.575248,0.533375,0.478035,0.41058,0.332691,0.246328,0.153687
0.610222,0.614659,0.603838,0.577933,0.53751,0.483522,0.417285,0.340447,0.25494,0.162935
0.608217,0.614156,0.604861,0.580467,0.541499,0.488873,0.423868,0.348097,0.263465,0.17212
0.606067,0.613502,0.605732,0.582849,0.545343,0.494087,0.430326,0.355639,0.271902,0.181237
0.603774,0.612699,0.60645,0.585081,0.54904,0.499164,0.43666,0.363073,0.280249,0.190286
0.601339,0.611748,0.607016,0.58716,0.55259,0.504102,0.442867,0.370395,0.288503,0.199263
0.598764,0.610648,0.60743,0.589088,0.555993,0.508901,0.448947,0.377606,0.296664,0.208167
0.596049,0.6094,0.607693,0.590865,0.559248,0.51356,0.454898,0.384702,0.304729,0.216996
0.593195,0.608007,0.607805,0.59249,0.562355,0.518079,0.460719,0.391684,0.312696,0.225748
0.590203,0.606467,0.607766,0.593964,0.565313,0.522455,0.466409,0.398548,0.320564,0.23442
0.587076,0.604782,0.607577,0.595286,0.568123,0.526689,0.471968,0.405295,0.32833,0.243011
0.583813,0.602953,0.607239,0.596457,0.570783,0.530781,0.477393,0.411922,0.335994,0.251519
0.580416,0.600981,0.606751,0.597477,0.573295,0.534729,0.482685,0.418429,0.343554,0.259942
0.576886,0.598867,0.606116,0.598347,0.575657,0.538533,0.487842,0.424813,0.351007,0.268277
0.573225,0.596611,0.605332,0.599065,0.57787,0.542193,0.492863,0.431074,0.358353,0.276523
0.569434,0.594216,0.604402,0.599634,0.579933,0.545707,0.497747,0.43721,0.365589,0.284679
0.565514,0.591681,0.603325,0.600052,0.581846,0.549076,0.502494,0.44322,0.372715,0.292742
0.561467,0.589007,0.602102,0.600321,0.58361,0.552299,0.507103,0.449104,0.379729,0.30071
0.557294,0.586197,0.600735,0.600441,0.585224,0.555376,0.511573,0.45486,0.386629,0.308582
0.552996,0.583251,0.599223,0.600412,0.586689,0.558306,0.515903,0.460486,0.393414,0.316356
0.548575,0.58017,0.597568,0.600235,0.588004,0.56109,0.520092,0.465982,0.400082,0.32403
0.544033,0.576955,0.595771,0.59991,0.58917,0.563727,0.524141,0.471347,0.406632,0.331603
0.53937,0.573608,0.593832,0.599439,0.590187,0.566216,0.528048,0.47658,0.413064,0.339073
0.534588,0.570129,0.591753,0.59882,0.591054,0.568557,0.531813,0.48168,0.419374,0.346439
0.529689,0.566521,0.589533,0.598055,0.591774,0.570752,0.535435,0.486646,0.425563,0.353698
0.524674,0.562784,0.587176,0.597145,0.592344,0.572798,0.538914,0.491477,0.43163,0.36085
0.519545,0.558919,0.58468,0.596091,0.592767,0.574697,0.54225,0.496172,0.437572,0.367892
0.514304,0.554929,0.582048,0.594892,0.593042,0.576448,0.545441,0.500731,0.443388,0.374823
0.508952,0.550814,0.579281,0.593551,0.593169,0.578051,0.548488,0.505153,0.449079,0.381643
0.50349,0.546575,0.576378,0.592066,0.59315,0.579506,0.551391,0.509437,0.454642,0.388349
0.497921,0.542215,0.573343,0.590441,0.592984,0.580814,0.554149,0.513582,0.460077,0.39494
0.492246,0.537734,0.570176,0.588674,0.592672,0.581975,0.556761,0.517588,0.465382,0.401414
0.486466,0.533134,0.566877,0.586768,0.592215,0.582988,0.559228,0.521455,0.470557,0.407771
0.480584,0.528417,0.563449,0.584722,0.591613,0.583854,0.561549,0.525181,0.4756,0.41401
0.474601,0.523584,0.559892,0.582539,0.590867,0.584573,0.563725,0.528766,0.480511,0.420128
0.468519,0.518636,0.556208,0.580218,0.589977,0.585146,0.565755,0.53221,0.485289,0.426125
0.462339,0.513575,0.552398,0.577762,0.588944,0.585572,0.567639,0.535512,0.489934,0.431999
0.456064,0.508403,0.548463,0.57517,0.587769,0.585853,0.569377,0.538673,0.494443,0.43775
0.449694,0.503122,0.544405,0.572444,0.586453,0.585987,0.570969,0.54169,0.498818,0.443376
0.443233,0.497731,0.540225,0.569586,0.584996,0.585977,0.572415,0.544565,0.503056,0.448876
0.436682,0.492235,0.535924,0.566595,0.583398,0.585822,0.573715,0.547297,0.507157,0.45425
0.430042,0.486633,0.531505,0.563474,0.581662,0.585523,0.57487,0.549885,0.511122,0.459496
0.423315,0.480928,0.526967,0.560223,0.579787,0.585081,0.57588,0.55233,0.514948,0.464613
0.416504,0.475122,0.522313,0.556844,0.577775,0.584495,0.576744,0.554631,0.518635,0.469601
0.409609,0.469215,0.517545,0.553338,0.575627,0.583766,0.577463,0.556788,0.522184,0.474458
0.402634,0.463211,0.512663,0.549706,0.573343,0.582896,0.578037,0.558801,0.525593,0.479184
0.39558,0.45711,0.507669,0.54595,0.570924,0.581884,0.578467,0.56067,0.528863,0.483778
0.388448,0.450914,0.502566,0.54207,0.568372,0.580732,0.578753,0.562395,0.531992,0.488239
0.381241,0.444625,0.497353,0.538068,0.565687,0.57944,0.578895,0.563976,0.53498,0.492566
0.373961,0.438245,0.492033,0.533945,0.562871,0.578009,0.578893,0.565413,0.537827,0.496759
0.366609,0.431776,0.486608,0.529703,0.559925,0.57644,0.578749,0.566706,0.540533,0.500817
0.359188,0.425219,0.481079,0.525344,0.556849,0.574733,0.578462,0.567855,0.543098,0.50474
0.351699,0.418576,0.475448,0.520868,0.553646,0.572889,0.578033,0.568861,0.54552,0.508526
0.344145,0.41185,0.469716,0.516276,0.550315,0.57091,0.577463,0.569723,0.547801,0.512176
0.336527,0.405041,0.463885,0.511571,0.546859,0.568796,0.576752,0.570441,0.54994,0.515688
0.328848,0.398152,0.457957,0.506754,0.543278,0.566548,0.575901,0.571017,0.551936,0.519063
0.321108,0.391184,0.451934,0.501827,0.539574,0.564166,0.57491,0.57145,0.553791,0.522299
0.313311,0.38414,0.445817,0.49679,0.535748,0.561653,0.57378,0.571741,0.555503,0.525397
0.305459,0.377022,0.439607,0.491646,0.531801,0.559009,0.572512,0.571889,0.557072,0.528356
0.297553,0.36983,0.433308,0.486396,0.527735,0.556235,0.571107,0.571896,0.5585,0.531176
0.289595,0.362568,0.426919,0.481041,0.523551,0.553332,0.569565,0.571762,0.559785,0.533857
0.281587,0.355237,0.420444,0.475584,0.519251,0.550301,0.567887,0.571487,0.560929,0.536398
0.273532,0.347839,0.413884,0.470025,0.514835,0.547143,0.566073,0.571072,0.56193,0.538798
0.265431,0.340376,0.407241,0.464367,0.510305,0.54386,0.564126,0.570517,0.562789,0.541059
0.257287,0.33285,0.400517,0.458611,0.505663,0.540453,0.562045,0.569823,0.563508,0.543179
0.249101,0.325263,0.393713,0.452758,0.50091,0.536922,0.559832,0.56899,0.564084,0.545159
0.240876,0.317617,0.386831,0.446811,0.496047,0.53327,0.557488,0.568019,0.56452,0.546999
0.232613,0.309913,0.379874,0.440771,0.491077,0.529497,0.555012,0.566911,0.564816,0.548697
0.224315,0.302155,0.372842,0.43464,0.486,0.525605,0.552408,0.565667,0.56497,0.550256
0.215984,0.294343,0.365739,0.42842,0.480818,0.521594,0.549675,0.564287,0.564985,0.551674
0.207621,0.28648,0.358565,0.422111,0.475533,0.517467,0.546814,0.562771,0.564861,0.552951
0.199229,0.278568,0.351323,0.415717,0.470146,0.513225,0.543827,0.561121,0.564597,0.554089
0.19081,0.270608,0.344015,0.409239,0.464659,0.508868,0.540715,0.559338,0.564195,0.555086
0.182365,0.262603,0.336643,0.402679,0.459073,0.504399,0.537479,0.557422,0.563655,0.555943
0.173898,0.254555,0.329207,0.396037,0.453391,0.499819,0.53412,0.555374,0.562977,0.55666
0.16541,0.246466,0.321712,0.389317,0.447613,0.495129,0.530639,0.553196,0.562163,0.557238
0.156902,0.238338,0.314157,0.38252,0.441741,0.49033,0.527037,0.550887,0.561212,0.557676
0.148378,0.230172,0.306546,0.375649,0.435778,0.485425,0.523316,0.548449,0.560125,0.557976
0.139838,0.221972,0.298881,0.368703,0.429724,0.480414,0.519477,0.545883,0.558904,0.558137
0.131286,0.213738,0.291162,0.361687,0.423581,0.4753,0.515522,0.543191,0.557548,0.558159
0.122723,0.205473,0.283393,0.354601,0.417352,0.470083,0.511451,0.540372,0.556059,0.558044
0.114152,0.197179,0.275575,0.347447,0.411038,0.464766,0.507265,0.537428,0.554436,0.557792
0.105573,0.188859,0.26771,0.340227,0.40464,0.459349,0.502967,0.53436,0.552682,0.557402
0.0969904,0.180513,0.2598,0.332944,0.398161,0.453835,0.498558,0.53117,0.550797,0.556877
0.0884048,0.172144,0.251847,0.325599,0.391602,0.448225,0.494038,0.527858,0.548782,0.556215
0.0798185,0.163754,0.243854,0.318193,0.384965,0.442521,0.48941,0.524426,0.546637,0.555418
0.0712337,0.155346,0.235821,0.31073,0.378252,0.436723,0.484675,0.520874,0.544363,0.554486
0.0626523,0.14692,0.227752,0.30321,0.371465,0.430835,0.479834,0.517205,0.541962,0.553421
0.0540763,0.13848,0.219648,0.295636,0.364605,0.424858,0.474889,0.513419,0.539435,0.552221
0.0455078,0.130027,0.211511,0.28801,0.357674,0.418793,0.469841,0.509517,0.536781,0.55089
0.0369488,0.121563,0.203343,0.280333,0.350674,0.412641,0.464692,0.505501,0.534004,0.549426
0.0284012,0.113091,0.195146,0.272608,0.343607,0.406406,0.459443,0.501372,0.531102,0.547831
0.0198671,0.104612,0.186923,0.264837,0.336475,0.400088,0.454096,0.497131,0.528079,0.546105
0.0113484,0.0961277,0.178675,0.257021,0.32928,0.393689,0.448652,0.492781,0.524933,0.54425
0.00284719,0.0876411,0.170404,0.249163,0.322024,0.387212,0.443114,0.488321,0.521668,0.542266
-0.00563468,0.0791538,0.162112,0.241264,0.314708,0.380657,0.437482,0.483754,0.518284,0.540155
-0.0140952,0.0706678,0.153801,0.233326,0.307334,0.374026,0.431758,0.479081,0.514781,0.537916
-0.0225324,0.0621851,0.145474,0.225352,0.299905,0.367322,0.425944,0.474303,0.511162,0.535551
-0.0309444,0.0537078,0.137132,0.217344,0.292422,0.360546,0.420042,0.469423,0.507428,0.533061
-0.0393292,0.0452378,0.128777,0.209302,0.284887,0.3537,0.414053,0.46444,0.503579,0.530446
-0.0476849,0.0367771,0.120411,0.201231,0.277302,0.346786,0.407979,0.459358,0.499617,0.527709
-0.0560097,0.0283276,0.112037,0.19313,0.269669,0.339805,0.401821,0.454176,0.495544,0.524849
-0.0643015,0.0198915,0.103656,0.185003,0.26199,0.33276,0.395582,0.448898,0.49136,0.521869
-0.0725584,0.0114705,0.0952697,0.176851,0.254267,0.325652,0.389263,0.443524,0.487067,0.518768
-0.0807788,0.00306671,0.0868811,0.168677,0.246502,0.318483,0.382865,0.438056,0.482667,0.515548
-0.0889605,-0.00531796,0.0784918,0.160482,0.238697,0.311255,0.376391,0.432496,0.47816,0.512211
-0.0971019,-0.0136816,0.0701038,0.152268,0.230853,0.30397,0.369842,0.426845,0.473548,0.508757
-0.105201,-0.0220222,0.0617189,0.144038,0.222973,0.296631,0.36322,0.421104,0.468833,0.505188
